{"cameraMode":{"drawMode":0,"name":"Shaded","section":"Shading Mode"},"sceneLighting":true,"audioPlay":false,"sceneViewState":{"showFog":true,"showMaterialUpdate":false,"showSkybox":true,"showFlares":true,"showImageEffects":true,"showParticleSystems":true},"in2DMode":false,"pivot":{"x":0.09847092628479004,"y":-1.3293243646621705,"z":-0.22197240591049195},"rotation":{"x":-0.21130572259426118,"y":-0.02814197726547718,"z":0.00608590105548501,"w":-0.9769958853721619},"size":3.3041832447052,"orthographic":false}